24000,San Francisco de Campeche Centro,Colonia,Campeche
24010,Guadalupe,Barrio,Campeche
24010,Pablo Garcia,Unidad habitacional,Campeche
24010,San Francisco,Barrio,Campeche
24010,Villa del Río,Fraccionamiento,Campeche
24010,Guadalupe,Fraccionamiento,Campeche
24014,Ah-kim-pech,Zona comercial,Campeche
24020,Residencial del Bosque,Fraccionamiento,Campeche
24020,Bellavista,Colonia,Campeche
24020,Ampliación Bellavista,Colonia,Campeche
24020,Emiliano Zapata,Colonia,Campeche
24020,La Ermita,Barrio,Campeche
24020,San Joaquín,Colonia,Campeche
24020,Santa Lucia,Barrio,Campeche
24020,Camino Real,Colonia,Campeche
24020,Benito Juárez,Colonia,Campeche
24020,Buenos Aires,Fraccionamiento,Campeche
24020,San Caralampio,Colonia,Campeche
24020,Dzarbay,Colonia,Campeche
24020,Sotavento,Fraccionamiento,Campeche
24020,Villamar,Fraccionamiento,Campeche
24022,Montecarlo,Fraccionamiento,Campeche
24022,Carzabela,Unidad habitacional,Campeche
24023,Fidel Velázquez,Unidad habitacional,Campeche
24023,Las Murallas,Fraccionamiento,Campeche
24023,Residencial Algarrobo,Fraccionamiento,Campeche
24023,Ernesto Zedillo,Colonia,Campeche
24023,Residencial Campestre,Fraccionamiento,Campeche
24023,Nachi Cocom,Colonia,Campeche
24023,Quinta Hermosa,Colonia,Campeche
24023,Hacienda Real el Fenix,Fraccionamiento,Campeche
24024,Mártires de Río Blanco,Unidad habitacional,Campeche
24025,Solidaridad Nacional,Unidad habitacional,Campeche
24025,Paseo de los Sauces,Fraccionamiento,Campeche
24026,Granjas,Colonia,Campeche
24026,Morelos,Colonia,Campeche
24026,San José el Alto,Colonia,Campeche
24026,Divino Niño,Colonia,Campeche
24026,Minas,Colonia,Campeche
24026,Cumbres,Colonia,Campeche
24026,Valle Dorado,Fraccionamiento,Campeche
24026,Ampliación Josefa Ortiz de Domínguez,Colonia,Campeche
24026,Mirador,Colonia,Campeche
24026,Elvia María Pérez de González,Colonia,Campeche
24026,Viveros,Fraccionamiento,Campeche
24026,Diana Laura,Colonia,Campeche
24026,Luis Donaldo Colosio,Colonia,Campeche
24026,Palma Real,Fraccionamiento,Campeche
24027,Palmas,Unidad habitacional,Campeche
24027,San Miguel,Fraccionamiento,Campeche
24027,Villa Mercedes,Fraccionamiento,Campeche
24028,Villas de Ah-kim-Pech,Fraccionamiento,Campeche
24028,Cocotero de las Palmas,Fraccionamiento,Campeche
24029,Centro SCT Campeche,Equipamiento,Campeche
24030,Bosques de Campeche,Fraccionamiento,Campeche
24030,Héroes de Chapultepec (FOVI),Unidad habitacional,Campeche
24030,Resurgimiento,Colonia,Campeche
24030,CEDAR Campeche,Equipamiento,Campeche
24030,Residencial Campeche Hills,Fraccionamiento,Campeche
24030,Miramar,Colonia,Campeche
24030,Lomas del Castillo,Fraccionamiento,Campeche
24030,Villas Universidad,Fraccionamiento,Campeche
24035,Lomas del Rey,Fraccionamiento,Campeche
24035,Villas de Allende,Fraccionamiento,Campeche
24035,San Cayetano,Fraccionamiento,Campeche
24035,San Arturo,Colonia,Campeche
24035,Burócratas Pensiones,Unidad habitacional,Campeche
24035,Cerro de La Eminencia,Colonia,Campeche
24035,Vicente Guerrero,Colonia,Campeche
24035,Prado,Fraccionamiento,Campeche
24035,Lomas del Pedregal,Unidad habitacional,Campeche
24035,Residencial Pedregal,Fraccionamiento,Campeche
24035,Invasión San Arturo,Colonia,Campeche
24036,Adolfo López Mateos (SUTERM),Unidad habitacional,Campeche
24036,El Pedregal,Fraccionamiento,Campeche
24036,Electricistas,Colonia,Campeche
24037,Ciudad Militar,Colonia,Campeche
24038,Kanisté,Colonia,Campeche
24038,Kaniste,Fraccionamiento,Campeche
24038,Rinconada del Valle,Fraccionamiento,Campeche
24038,Monte Verde,Fraccionamiento,Campeche
24039,Buenavista,Colonia,Campeche
24040,San José,Barrio,Campeche
24040,San Román,Barrio,Campeche
24040,Privada Narciso Mendoza,Fraccionamiento,Campeche
24044,Montecristo,Colonia,Campeche
24044,Lazareto,Colonia,Campeche
24044,Residencial Resurgimiento,Fraccionamiento,Campeche
24049,Bicentenario I y II,Unidad habitacional,Campeche
24050,FOVISSSTE Belén,Unidad habitacional,Campeche
24050,Santa Ana,Barrio,Campeche
24050,Villa Tulipanes,Fraccionamiento,Campeche
24050,San Juan,Fraccionamiento,Campeche
24050,La Paz,Colonia,Campeche
24050,La Huerta,Fraccionamiento,Campeche
24050,Parque Residencial La Noria,Fraccionamiento,Campeche
24050,Privada Guadalupana,Fraccionamiento,Campeche
24050,Hollywood,Fraccionamiento,Campeche
24050,Campeche 1,Fraccionamiento,Campeche
24050,Santa Ana,Fraccionamiento,Campeche
24058,Caribe,Fraccionamiento,Campeche
24060,Valle del Águila,Fraccionamiento,Campeche
24060,El Polvorín,Colonia,Campeche
24060,Ampliación Polvorín,Colonia,Campeche
24060,Jardines,Colonia,Campeche
24060,Tomas Aznar,Colonia,Campeche
24060,Sector Las Flores,Colonia,Campeche
24060,Residencial Bugambilias,Fraccionamiento,Campeche
24060,Tabachines,Fraccionamiento,Campeche
24060,Lomas del Polvorín,Colonia,Campeche
24060,Leovigildo Gómez,Colonia,Campeche
24060,Unidad y Esperanza,Colonia,Campeche
24060,Solidaridad Urbana,Unidad habitacional,Campeche
24060,Lomas de las Flores,Fraccionamiento,Campeche
24060,Montebello,Fraccionamiento,Campeche
24060,Naval Campeche III,Unidad habitacional,Campeche
24060,Residencial Delicias,Fraccionamiento,Campeche
24060,Lomas Delicias,Colonia,Campeche
24060,Lomas,Colonia,Campeche
24060,Las Quintas,Fraccionamiento,Campeche
24060,Colinas del Sur,Fraccionamiento,Campeche
24060,Casa Blanca,Fraccionamiento,Campeche
24060,Altavista,Fraccionamiento,Campeche
24060,Lomas de las Flores II,Fraccionamiento,Campeche
24060,Villas de Monte Real,Fraccionamiento,Campeche
24060,Tacubaya,Fraccionamiento,Campeche
24060,Villareal,Fraccionamiento,Campeche
24069,Flor de Limón,Fraccionamiento,Campeche
24070,Aviación,Colonia,Campeche
24070,Cuatro Caminos,Fraccionamiento,Campeche
24070,Ampliación Cuatro Caminos,Colonia,Campeche
24070,Huanal,Colonia,Campeche
24070,Justo Sierra Méndez,Unidad habitacional,Campeche
24070,Santa Bárbara,Unidad habitacional,Campeche
24070,Cuatro Caminos,Colonia,Campeche
24070,Bello Horizonte,Fraccionamiento,Campeche
24070,Héroe de Nacozari,Colonia,Campeche
24070,Hacienda Santa María,Fraccionamiento,Campeche
24070,Colonia México,Fraccionamiento,Campeche
24070,Justicia Social,Fraccionamiento,Campeche
24070,Quinta de Los Españoles,Fraccionamiento,Campeche
24073,Siglo XXI,Fraccionamiento,Campeche
24075,El Carmelo,Colonia,Campeche
24079,Campeche (Ing. Alberto Acuña Ongay),Aeropuerto,Campeche
24080,Esperanza,Colonia,Campeche
24080,Ampliación Esperanza,Colonia,Campeche
24080,Pablo Garcia,Colonia,Campeche
24080,Revolución,Colonia,Campeche
24080,Ampliación Revolución,Colonia,Campeche
24080,Josefa Ortiz de Domínguez,Colonia,Campeche
24080,Ampliación Invasión Esperanza,Colonia,Campeche
24080,Emiliano Zapata,Fraccionamiento,Campeche
24083,Fátima,Colonia,Campeche
24084,Siglo XXIII,Fraccionamiento,Campeche
24084,Nuevo San Antonio Ebulá,Colonia,Campeche
24085,Villas de Kala,Fraccionamiento,Campeche
24085,Altamira,Fraccionamiento,Campeche
24085,Ciudad Concordia,Unidad habitacional,Campeche
24085,Bosque Real,Fraccionamiento,Campeche
24085,Kala,Unidad habitacional,Campeche
24085,Ramón Espíndola Blanco,Fraccionamiento,Campeche
24085,Murallas FSTSE,Fraccionamiento,Campeche
24085,Residencial La Hacienda,Fraccionamiento,Campeche
24085,Ampliación Ciudad Concordia,Fraccionamiento,Campeche
24085,Invasión Esperanza,Colonia,Campeche
24085,20 de Noviembre,Colonia,Campeche
24086,Villa Flora,Colonia,Campeche
24086,Santa Lucía,Colonia,Campeche
24086,Villa Turquesa,Fraccionamiento,Campeche
24087,Los Reyes,Fraccionamiento,Campeche
24087,Eduardo J. Lavalle Urbina,Fraccionamiento,Campeche
24087,Privada Exhacienda Kala,Fraccionamiento,Campeche
24087,Colonial Campeche,Fraccionamiento,Campeche
24087,Caminero,Fraccionamiento,Campeche
24087,Ampliación Kala,Fraccionamiento,Campeche
24087,Hacienda San Antonio,Colonia,Campeche
24087,Tula,Fraccionamiento,Campeche
24087,Vista Hermosa,Fraccionamiento,Campeche
24087,Privada Residencial Colonial,Fraccionamiento,Campeche
24087,Terranova,Fraccionamiento,Campeche
24088,Alameda,Fraccionamiento,Campeche
24088,Las Arboledas,Fraccionamiento,Campeche
24088,Héroes de la Revolución,Fraccionamiento,Campeche
24088,Unidad y Trabajo Plan-chac,Unidad habitacional,Campeche
24088,Villa Naranjos,Fraccionamiento,Campeche
24088,Fénix,Colonia,Campeche
24088,Presidentes de México,Unidad habitacional,Campeche
24088,Paseo de Campeche,Fraccionamiento,Campeche
24088,Los Cedros,Fraccionamiento,Campeche
24088,Guadalupe Victoria,Fraccionamiento,Campeche
24088,VIVAH,Fraccionamiento,Campeche
24088,Villas la Hacienda,Fraccionamiento,Campeche
24088,El Vergel,Fraccionamiento,Campeche
24088,Los Álamos,Fraccionamiento,Campeche
24088,Reforma,Fraccionamiento,Campeche
24088,Colonia,Fraccionamiento,Campeche
24088,Insurgentes,Fraccionamiento,Campeche
24088,Independencia,Fraccionamiento,Campeche
24089,Peña,Colonia,Campeche
24090,Fracciorama 2000,Fraccionamiento,Campeche
24090,Samulá,Colonia,Campeche
24090,San Rafael,Colonia,Campeche
24090,Valle del Sol,Unidad habitacional,Campeche
24090,Residencial Villas Colosio,Fraccionamiento,Campeche
24090,Villas Residencial,Fraccionamiento,Campeche
24090,Nueva Era,Colonia,Campeche
24090,Los Sauces,Fraccionamiento,Campeche
24090,Villas de Samula,Fraccionamiento,Campeche
24090,La Vista,Fraccionamiento,Campeche
24090,Ampliación San Rafael,Colonia,Campeche
24090,Rinconada Samula,Fraccionamiento,Campeche
24090,Infonavit Samula,Fraccionamiento,Campeche
24090,Las Campanillas,Fraccionamiento,Campeche
24090,Flor de Liz,Fraccionamiento,Campeche
24090,San Andrés,Fraccionamiento,Campeche
24090,Girasoles,Fraccionamiento,Campeche
24090,Villa Jazmín,Fraccionamiento,Campeche
24093,Villas Residencial (Ix-Lol-Be),Unidad habitacional,Campeche
24093,Residencial La Arboleda,Fraccionamiento,Campeche
24094,Miguel Hidalgo,Colonia,Campeche
24094,Ampliación Miguel Hidalgo,Colonia,Campeche
24094,La Cañada,Fraccionamiento,Campeche
24094,Ampliación Ignacio Zaragoza,Colonia,Campeche
24094,Ampliación Samulá,Colonia,Campeche
24094,Miramar,Fraccionamiento,Campeche
24094,Villa Laureles II,Fraccionamiento,Campeche
24094,Esmeralda,Fraccionamiento,Campeche
24095,Residencial los Almendros,Fraccionamiento,Campeche
24095,Sascalum,Colonia,Campeche
24095,Residencial San Francisco,Fraccionamiento,Campeche
24095,Lázaro Cárdenas,Colonia,Campeche
24095,Reforma Agraria,Fraccionamiento,Campeche
24095,Villa Laureles,Fraccionamiento,Campeche
24095,Multunchac,Colonia,Campeche
24095,Villa Dalias,Fraccionamiento,Campeche
24095,18 de Marzo,Fraccionamiento,Campeche
24095,El Doral,Fraccionamiento,Campeche
24096,Lindavista C.T.M.,Unidad habitacional,Campeche
24096,Los Laureles,Fraccionamiento,Campeche
24096,Tepeyac,Colonia,Campeche
24096,Guadalajara,Fraccionamiento,Campeche
24097,Las Flores,Unidad habitacional,Campeche
24097,Las Rosas,Fraccionamiento,Campeche
24097,Bugambilias,Fraccionamiento,Campeche
24097,Santa Cecilia,Fraccionamiento,Campeche
24098,Ignacio Zaragoza,Colonia,Campeche
24098,Lomas de Zaragoza,Fraccionamiento,Campeche
24099,Lomas de San Rafael,Fraccionamiento,Campeche
24099,San Antonio,Colonia,Campeche
24099,San Rafael,Fraccionamiento,Campeche
24099,Ampliación San Antonio,Colonia,Campeche
24100,Ciudad del Carmen Centro,Colonia,Carmen
24108,CERESO Ciudad del Carmen,Equipamiento,Carmen
24110,Caleta,Colonia,Carmen
24110,Héctor Pérez Martínez,Colonia,Carmen
24110,Fátima,Colonia,Carmen
24110,1 de Mayo (Playón),Colonia,Carmen
24110,San Agustin del Palmar,Colonia,Carmen
24114,Justo Sierra,Colonia,Carmen
24115,Marina del Rey,Fraccionamiento,Carmen
24115,Morelos,Colonia,Carmen
24115,Miami,Colonia,Carmen
24115,Monte Bello,Fraccionamiento,Carmen
24115,Playa Norte,Colonia,Carmen
24116,San Carlos,Colonia,Carmen
24116,Boquerón del Palmar,Colonia,Carmen
24117,Obrera,Colonia,Carmen
24118,San Nicolás,Colonia,Carmen
24119,Ciudad del Carmen (Ciudad del Carmen),Aeropuerto,Carmen
24119,Aeropuerto,Colonia,Carmen
24120,Electricistas,Colonia,Carmen
24120,Revolución,Colonia,Carmen
24120,Santa Margarita,Colonia,Carmen
24129,Puerto Pesquero,Colonia,Carmen
24130,Guadalupe,Colonia,Carmen
24130,San Miguel,Colonia,Carmen
24130,20 de Noviembre,Colonia,Carmen
24139,Guanal,Colonia,Carmen
24139,Puntilla,Colonia,Carmen
24140,Pallas,Colonia,Carmen
24150,Belisario Domínguez,Colonia,Carmen
24150,Luis Donaldo Colosio,Colonia,Carmen
24150,La Rivera,Colonia,Carmen
24153,Residencial Las Palmas,Fraccionamiento,Carmen
24153,Mundo Maya,Fraccionamiento,Carmen
24154,Arcila,Fraccionamiento,Carmen
24154,Compositores,Colonia,Carmen
24154,Isla del Carmen 2000,Fraccionamiento,Carmen
24154,Los Arcos,Fraccionamiento,Carmen
24154,Maderas,Colonia,Carmen
24154,Perla del Golfo,Fraccionamiento,Carmen
24154,Puente de La Unidad,Fraccionamiento,Carmen
24154,San Francisco,Fraccionamiento,Carmen
24154,San Manuel,Fraccionamiento,Carmen
24154,Rafael del J Lozano Contreras,Fraccionamiento,Carmen
24154,Pueblo Maya,Fraccionamiento,Carmen
24154,Palmira,Fraccionamiento,Carmen
24154,Los Ríos,Fraccionamiento,Carmen
24155,Renovación I,Colonia,Carmen
24155,Renovación II,Colonia,Carmen
24155,23 de Julio,Colonia,Carmen
24155,Plutarco Elías Calles,Colonia,Carmen
24155,Solidaridad Urbana,Colonia,Carmen
24155,Volcanes,Colonia,Carmen
24155,Renovación III,Colonia,Carmen
24155,Isla de Tris,Colonia,Carmen
24155,Villa San José,Fraccionamiento,Carmen
24155,Villa Universitaria,Fraccionamiento,Carmen
24155,Villa Conejo,Fraccionamiento,Carmen
24155,Bugambilias,Fraccionamiento,Carmen
24155,San Capistrano,Fraccionamiento,Carmen
24155,Santa Mónica,Fraccionamiento,Carmen
24155,Villas de Santa Ana,Fraccionamiento,Carmen
24156,Residencial El Cielo,Fraccionamiento,Carmen
24156,Puerta de Hierro,Fraccionamiento,Carmen
24156,El Dorado,Fraccionamiento,Carmen
24156,Villa del Mar,Fraccionamiento,Carmen
24156,Villa Florencia,Fraccionamiento,Carmen
24156,Villa de Los Ángeles,Fraccionamiento,Carmen
24156,Villa Encantada,Fraccionamiento,Carmen
24156,Mediterráneo,Fraccionamiento,Carmen
24157,Buenavista,Fraccionamiento,Carmen
24157,Turquesa,Fraccionamiento,Carmen
24157,Rinconada,Fraccionamiento,Carmen
24157,Residencial Vistancias,Fraccionamiento,Carmen
24157,Club Residencial Azul,Fraccionamiento,Carmen
24157,Mar Azul,Fraccionamiento,Carmen
24157,Bicentenario,Unidad habitacional,Carmen
24157,Paseo de los Bosques,Fraccionamiento,Carmen
24157,San Joaquín,Fraccionamiento,Carmen
24157,Puesta del Sol,Fraccionamiento,Carmen
24157,San Joaquín,Colonia,Carmen
24157,Santa Isabel,Fraccionamiento,Carmen
24157,Residencial San Miguel,Fraccionamiento,Carmen
24157,Privada Santa Ana,Fraccionamiento,Carmen
24157,Privada San Joaquín,Fraccionamiento,Carmen
24157,Playa Palmas,Fraccionamiento,Carmen
24157,Las Esperanzas,Fraccionamiento,Carmen
24157,Real del Carmen,Fraccionamiento,Carmen
24157,Hacienda Dorada,Fraccionamiento,Carmen
24157,Girasoles,Fraccionamiento,Carmen
24157,Raíces,Fraccionamiento,Carmen
24157,Villas del Carmen,Fraccionamiento,Carmen
24157,Villa Magna,Fraccionamiento,Carmen
24157,Villa Marina,Fraccionamiento,Carmen
24157,Misión del Carmen,Fraccionamiento,Carmen
24157,Reforma II Sección,Fraccionamiento,Carmen
24157,La Esperanza,Fraccionamiento,Carmen
24157,Evergreén,Fraccionamiento,Carmen
24157,José Ortiz Ávila,Colonia,Carmen
24157,Hacienda del Mar,Fraccionamiento,Carmen
24157,San Román,Fraccionamiento,Carmen
24157,Canterías,Fraccionamiento,Carmen
24157,Villa Palmeras,Fraccionamiento,Carmen
24157,18 de Marzo,Fraccionamiento,Carmen
24157,Privanzas,Fraccionamiento,Carmen
24158,Orizaba,Fraccionamiento,Carmen
24158,Constelaciones,Fraccionamiento,Carmen
24158,Bivalbo,Fraccionamiento,Carmen
24158,Héroes de Nacozari,Fraccionamiento,Carmen
24158,Reforma,Fraccionamiento,Carmen
24158,Residencial del Lago,Fraccionamiento,Carmen
24158,Santa Rita,Fraccionamiento,Carmen
24158,Las Huertas,Fraccionamiento,Carmen
24158,Mujeres Carmelitas,Fraccionamiento,Carmen
24158,El Potrero,Fraccionamiento,Carmen
24158,Constelaciones II,Fraccionamiento,Carmen
24160,Burócrata,Colonia,Carmen
24166,Justo Sierra,Fraccionamiento,Carmen
24167,Lomas de Holche,Fraccionamiento,Carmen
24169,Camaroneros,Fraccionamiento,Carmen
24169,Asa Poniente,Colonia,Carmen
24170,Aviación,Colonia,Carmen
24170,Cuauhtémoc,Colonia,Carmen
24170,Tila,Colonia,Carmen
24178,Tecolutla,Colonia,Carmen
24179,Petrolera,Colonia,Carmen
24180,Benito Juárez,Colonia,Carmen
24180,Benito Juárez 2,Colonia,Carmen
24180,Limonar,Colonia,Carmen
24180,Tacubaya,Colonia,Carmen
24185,Estrella,Colonia,Carmen
24186,Miguel de La Madrid,Colonia,Carmen
24187,Manigua,Colonia,Carmen
24188,Caracol,Colonia,Carmen
24189,Salitral,Colonia,Carmen
24190,Francisco I Madero,Colonia,Carmen
24195,Pedro Sainz de Baranda,Colonia,Carmen
24195,Las Pilas,Colonia,Carmen
24197,Insurgentes,Colonia,Carmen
24197,Malibrán,Colonia,Carmen
24197,Santa Rosalía,Colonia,Carmen
24197,Independencia,Colonia,Carmen
24198,Emiliano Zapata,Colonia,Carmen
24199,FOVISSSTE,Unidad habitacional,Carmen
24200,Palizada Centro,Colonia,Palizada
24200,Aviación,Colonia,Palizada
24200,Justicia Social,Conjunto habitacional,Palizada
24200,La Esperanza,Conjunto habitacional,Palizada
24203,El Porvenir,Ranchería,Palizada
24203,Lagón Dulce,Ranchería,Palizada
24203,Puerto Arturo,Ejido,Palizada
24204,El Mangal,Pueblo,Palizada
24204,Isla de San Isidro,Rancho,Palizada
24204,Rivera de la Viuda,Ranchería,Palizada
24204,Ribera de la Corriente,Ranchería,Palizada
24204,Tila,Ranchería,Palizada
24204,Ribera San Eduardo,Pueblo,Palizada
24204,Ribera Gómez,Pueblo,Palizada
24204,Las Bodegas,Ejido,Palizada
24205,Plan del Carmen,Rancho,Palizada
24205,Ribera del Playón,Rancho,Palizada
24205,San Agustín,Pueblo,Palizada
24205,Alamilla,Rancho,Palizada
24205,San Juan,Rancho,Palizada
24205,Santa Isabel,Ejido,Palizada
24205,Santa Cruz,Rancho,Palizada
24205,El Borbotón,Ranchería,Palizada
24205,San Joaquín,Ranchería,Palizada
24205,El Paraíso,Ranchería,Palizada
24205,El Cuyo,Ranchería,Palizada
24205,La Toza,Ranchería,Palizada
24206,El Cuerno,Rancho,Palizada
24206,El Vergel,Rancho,Palizada
24206,La Envidia,Rancho,Palizada
24206,La Victoria,Rancho,Palizada
24206,San José,Rancho,Palizada
24206,Los Laureles,Rancho,Palizada
24206,Santa Mónica (Santa Rita),Rancho,Palizada
24206,San Francisco,Ranchería,Palizada
24206,Santa Elena,Ranchería,Palizada
24206,Monterrey,Ranchería,Palizada
24206,Paso de los Caballos,Ranchería,Palizada
24207,Cronos,Ranchería,Palizada
24207,El Carmen (San Marcos),Rancho,Palizada
24207,El Retiro,Rancho,Palizada
24207,Gardenias,Rancho,Palizada
24207,La Concepción,Rancho,Palizada
24207,La Guadalupe,Rancho,Palizada
24207,Mata del Chato,Rancho,Palizada
24207,Mata Larga,Rancho,Palizada
24207,Río Blanco,Rancho,Palizada
24207,San Carlos,Rancho,Palizada
24207,San Hilario,Rancho,Palizada
24207,Santa Rosa,Rancho,Palizada
24207,El Popistal,Rancho,Palizada
24207,Tumbo de la Montaña,Ranchería,Palizada
24207,Santa Adelaida,Ranchería,Palizada
24207,El Juncal,Ejido,Palizada
24207,Las Flores,Rancho,Palizada
24207,San Antonio,Rancho,Palizada
24207,San Ángel,Ranchería,Palizada
24207,San Jorge,Ranchería,Palizada
24207,La Nueva Esperanza,Ranchería,Palizada
24207,La Candelaria,Ranchería,Palizada
24207,Villa Rosa,Rancho,Palizada
24208,Ribera Boca Chica,Rancho,Palizada
24300,Emiliano Zapata,Colonia,Carmen
24300,Nueva Emiliano Zapata,Colonia,Carmen
24300,El Paraíso,Colonia,Carmen
24300,Nueva,Colonia,Carmen
24300,Juan Pablo Cetina,Colonia,Carmen
24300,Sabancuy Centro,Colonia,Carmen
24300,Benito Juárez,Colonia,Carmen
24300,Guadalupe,Colonia,Carmen
24300,Banco de Piedra,Colonia,Carmen
24300,Pénjamo,Colonia,Carmen
24300,Jabal,Colonia,Carmen
24310,Oxcabal,Rancho,Carmen
24310,Ignacio Gutiérrez,Ejido,Carmen
24310,Oxcabal,Ranchería,Carmen
24310,San Antonio (Punta de Piedra),Ranchería,Carmen
24310,La Pita,Ranchería,Carmen
24310,Anonal,Ranchería,Carmen
24310,Calax,Ranchería,Carmen
24313,General Abelardo L Rodriguez (el Jobal),Ranchería,Carmen
24313,Plan de Ayala,Pueblo,Carmen
24313,Chic-bul,Pueblo,Carmen
24313,Chekubul,Pueblo,Carmen
24313,José María Pino Suárez,Pueblo,Carmen
24313,Nicolás Bravo,Pueblo,Carmen
24313,La Cristalina,Pueblo,Carmen
24313,Independencia,Pueblo,Carmen
24313,La Esperanza,Ranchería,Carmen
24313,Colonia A López Mateos,Ranchería,Carmen
24313,Santa Rosalía,Ranchería,Carmen
24313,Los Manantiales,Ejido,Carmen
24313,Chivoja,Ranchería,Carmen
24313,La Lupita,Ranchería,Carmen
24314,Las Delicias,Ranchería,Carmen
24314,Enrique Rodriguez Cano,Ranchería,Carmen
24314,18 de Marzo,Ejido,Carmen
24315,San Isidro,Ejido,Carmen
24315,Mamantel (Pancho Villa),Colonia,Carmen
24315,Pital Nuevo,Ranchería,Carmen
24315,Pital Viejo,Pueblo,Carmen
24315,La Providencia,Ranchería,Carmen
24315,Mamantel Viejo,Pueblo,Carmen
24315,La Concepción,Ranchería,Carmen
24316,Carlos Quinto,Rancho,Carmen
24316,Nueva Chontalpa,Ejido,Carmen
24316,Felipe Ángeles,Ejido,Carmen
24316,Ojo de Agua,Ranchería,Carmen
24316,El Encanto,Ranchería,Carmen
24316,Quebranche,Ejido,Carmen
24316,Ignacio Zaragoza,Ejido,Carmen
24316,2 de Marzo,Ranchería,Carmen
24316,San Jorge de Coyoc,Ranchería,Carmen
24316,San Pablito Km. 59,Ranchería,Carmen
24316,Las Cruces,Ranchería,Carmen
24317,El Carmen,Ranchería,Carmen
24317,La Estrella,Ranchería,Carmen
24317,Sacrificio,Ranchería,Carmen
24317,Conquista Campesina,Pueblo,Carmen
24317,El Aguacatal,Pueblo,Carmen
24317,Venustiano Carranza,Ejido,Carmen
24317,Cinco de Mayo,Ranchería,Carmen
24317,El Triunfo,Ranchería,Carmen
24317,Belisario Domínguez,Ejido,Carmen
24317,Allende Pejelagarto,Ranchería,Carmen
24317,Centauro del Norte,Ejido,Carmen
24317,La Florida,Ejido,Carmen
24317,El Chinal,Ejido,Carmen
24320,Bella Palizada,Ejido,Carmen
24320,Polvoxal,Ejido,Carmen
24320,María de La Luz,Ranchería,Carmen
24322,Juan de la Cabada Vera,Colonia,Carmen
24322,Arrozal,Pueblo,Carmen
24322,San José (El Deshecho),Ranchería,Carmen
24323,Fernando Foglio Miramontes,Ejido,Carmen
24323,Murallas de Campeche,Ejido,Carmen
24323,Valle de Solidaridad,Ejido,Carmen
24323,Generalísimo Morelos,Ejido,Carmen
24323,Santa Rita,Ranchería,Carmen
24323,El Mameyal,Ranchería,Carmen
24323,El Refugio,Ranchería,Carmen
24323,San José Marentes,Ejido,Carmen
24324,El Popistal,Rancho,Carmen
24324,El Zapote,Ejido,Carmen
24324,Paso San Juan,Ranchería,Carmen
24324,Vista Alegre,Ejido,Carmen
24324,La Pimienta,Ranchería,Carmen
24324,San Elpidio,Ranchería,Carmen
24324,Tres Valles,Ejido,Carmen
24325,Cantarell [Planta de Nitrógeno],Zona industrial,Carmen
24325,Ribera de San Francisco,Ranchería,Carmen
24325,San Antonio Cárdenas,Ranchería,Carmen
24325,Emiliano Zapata,Ejido,Carmen
24325,Nuevo Campechito,Ranchería,Carmen
24325,Nuevo Progreso,Pueblo,Carmen
24325,Ribera Media,Ranchería,Carmen
24325,Ribera Alta,Ranchería,Carmen
24325,El Pom,Ranchería,Carmen
24325,La Esperanza,Ranchería,Carmen
24326,Atasta,Pueblo,Carmen
24326,San Salvador de los Cerrillos,Ranchería,Carmen
24326,Puerto Rico,Ejido,Carmen
24326,Punta Zacatal,Ranchería,Carmen
24327,Reubicación,Colonia,Carmen
24327,Isla Aguada Centro,Colonia,Carmen
24327,Puerto Real,Rancho,Carmen
24327,Boca Nueva,Ranchería,Carmen
24327,La Lagartera,Ranchería,Carmen
24330,Coahuilita,Colonia,Candelaria
24330,San Pablo,Rancho,Candelaria
24330,Candelaria Centro,Colonia,Candelaria
24330,Acalan,Colonia,Candelaria
24330,San Martín,Colonia,Candelaria
24330,Guanajuato,Colonia,Candelaria
24330,Independencia,Colonia,Candelaria
24330,Alejandría,Colonia,Candelaria
24330,Cuauhtémoc,Colonia,Candelaria
24330,San Isidro,Colonia,Candelaria
24333,El Capulín,Rancho,Candelaria
24333,El Sacrificio II,Rancho,Candelaria
24333,Las Maravillas (Campo Menonita),Ranchería,Candelaria
24333,Pejelagarto II,Rancho,Candelaria
24333,R-2007,Rancho,Candelaria
24333,San Antonio,Rancho,Candelaria
24333,Santo Domingo,Rancho,Candelaria
24333,Las Américas,Ranchería,Candelaria
24333,Vicente Lombardo Toledano,Ranchería,Candelaria
24333,La Nueva Lucha,Ejido,Candelaria
24333,Nueva Rosita,Ranchería,Candelaria
24333,Pejelagarto,Ranchería,Candelaria
24333,Nueva Esperanza,Ranchería,Candelaria
24333,Miguel Alemán,Pueblo,Candelaria
24333,El Chilar,Ejido,Candelaria
24333,La Fortuna,Ejido,Candelaria
24333,La Unión,Ranchería,Candelaria
24333,El Pocito,Ejido,Candelaria
24334,Hermanos Cruz,Rancho,Candelaria
24334,La Calzada,Rancho,Candelaria
24334,Nueva Esperanza,Rancho,Candelaria
24334,Santo Domingo (El Cuyo),Rancho,Candelaria
24334,Justo Sierra Méndez,Ejido,Candelaria
24334,Lázaro Cárdenas,Ejido,Candelaria
24334,El Ramonal,Ejido,Candelaria
24334,Estrella del Sur,Ejido,Candelaria
24334,Las Golondrinas,Ejido,Candelaria
24334,El Tigre,Ranchería,Candelaria
24334,Pedro Baranda,Ejido,Candelaria
24334,Nuevo Coahuila,Ranchería,Candelaria
24334,Monclova,Ejido,Candelaria
24334,Miguel Hidalgo y Costilla,Pueblo,Candelaria
24334,Estado de México,Ranchería,Candelaria
24334,Esperanza,Ranchería,Candelaria
24334,Francisco I. Madero,Ejido,Candelaria
24334,La Zanja (La Palma),Ejido,Candelaria
24334,Luinal,Ejido,Candelaria
24335,El Treinta (Las Águilas),Rancho,Candelaria
24335,San Miguel,Rancho,Candelaria
24335,La Pelusa,Ranchería,Candelaria
24335,El Porvenir,Ranchería,Candelaria
24335,El Tintal,Ranchería,Candelaria
24335,El Mamey,Ranchería,Candelaria
24336,El Escondido,Rancho,Candelaria
24336,El Esfuerzo,Rancho,Candelaria
24336,El Paso del Cuervo (El Cuervo),Rancho,Candelaria
24336,El Ramonal II (Los Manguitos),Rancho,Candelaria
24336,La Florida (El Cuatro),Rancho,Candelaria
24336,La Florida Tres,Rancho,Candelaria
24336,La Mojina,Rancho,Candelaria
24336,Las Delicias,Pueblo,Candelaria
24336,Las Margaritas Dos,Rancho,Candelaria
24336,Los Jabines Uno,Rancho,Candelaria
24336,Los Limones,Rancho,Candelaria
24336,Rancho Alegre,Rancho,Candelaria
24336,Rancho Alegre Tres,Rancho,Candelaria
24336,San Antonio,Rancho,Candelaria
24336,Tres Reyes,Rancho,Candelaria
24336,Cuauhtémoc,Ejido,Candelaria
24336,Paraíso Nuevo,Ranchería,Candelaria
24336,Pablo García,Ranchería,Candelaria
24336,El Suspiro,Ranchería,Candelaria
24336,El Naranjo,Ranchería,Candelaria
24336,El Machetazo,Ejido,Candelaria
24336,California,Ranchería,Candelaria
24336,El Limón,Ranchería,Candelaria
24336,El Encanto,Ranchería,Candelaria
24336,El Piedral (El Muerto),Ranchería,Candelaria
24336,Las Campanas,Ranchería,Candelaria
24336,La Lucha,Ranchería,Candelaria
24336,Los Cuatro Hermanos,Ranchería,Candelaria
24336,San Lorenzo,Ranchería,Candelaria
24337,Santa Rita,Rancho,Candelaria
24337,El Nuevo Ferrocarril,Rancho,Candelaria
24337,El Otoño,Rancho,Candelaria
24337,San Felipe,Rancho,Candelaria
24337,Triunfo Dos,Rancho,Candelaria
24337,Triunfo Uno,Rancho,Candelaria
24337,Corte Pajaral,Ejido,Candelaria
24337,Venustiano Carranza,Ranchería,Candelaria
24337,La Amapola,Ranchería,Candelaria
24337,Las Palmitas,Ranchería,Candelaria
24338,El Borbonal,Rancho,Candelaria
24338,La Isla del Esfuerzo,Rancho,Candelaria
24338,Champas Quemadas,Rancho,Candelaria
24338,Benito Juárez Uno,Ejido,Candelaria
24338,Primer Presidente de México (Guadalupe Victoria),Ranchería,Candelaria
24338,Vicente Guerrero,Ranchería,Candelaria
24338,General Francisco J. Mújica,Ejido,Candelaria
24342,El Manantial,Rancho,Candelaria
24342,El Carril,Rancho,Candelaria
24342,El Diamante,Rancho,Candelaria
24342,Ignacio Zaragoza (El Pulguero),Ranchería,Candelaria
24342,El Tablón,Ranchería,Candelaria
24342,Licenciado José Antonio González Curi,Ranchería,Candelaria
24342,Los Cardenales,Rancho,Candelaria
24342,Las Maravillas (Nuevo Capricho),Rancho,Candelaria
24342,Nuevo Progreso,Rancho,Candelaria
24342,Río Caribe (Caribe),Ranchería,Candelaria
24342,San Cristóbal,Rancho,Candelaria
24342,El Último Esfuerzo,Rancho,Candelaria
24342,Las Palmas,Ranchería,Candelaria
24342,Aguada Seca,Ranchería,Candelaria
24342,Sal Si Puedes,Ranchería,Candelaria
24342,Selva Negra,Ranchería,Candelaria
24342,Nuevo Comalcalco,Ejido,Candelaria
24343,El Milagro,Rancho,Candelaria
24343,Emiliano Zapata III,Pueblo,Candelaria
24343,Isla del Paraíso,Pueblo,Candelaria
24343,La Guadalupe,Rancho,Candelaria
24343,Nueva Rosita II,Rancho,Candelaria
24343,San Fernando,Rancho,Candelaria
24343,San Román,Ranchería,Candelaria
24343,Tres Hermanos,Rancho,Candelaria
24343,San Rafael del Río Caribe,Ranchería,Candelaria
24343,Pablo Torres Burgos,Ranchería,Candelaria
24343,El Pedregal,Ejido,Candelaria
24343,El Chinal,Ejido,Candelaria
24343,La Olla,Ranchería,Candelaria
24343,El Marfil (Palo Alto),Ranchería,Candelaria
24343,Santa Lucía,Ejido,Candelaria
24343,San José de las Montañas,Ejido,Candelaria
24344,Tres de Mayo Tres,Rancho,Candelaria
24344,Champas Quemadas,Rancho,Candelaria
24344,El Calabozo,Rancho,Candelaria
24344,El Chechenal,Rancho,Candelaria
24344,El Encanto,Ranchería,Candelaria
24344,El Fantasma (Los Chileros),Rancho,Candelaria
24344,El Pimiental Dos,Pueblo,Candelaria
24344,La Esperancita,Rancho,Candelaria
24344,Montecristo,Rancho,Candelaria
24344,Naranjito,Rancho,Candelaria
24344,Nuevo Tabasco,Ranchería,Candelaria
24344,San Juan,Ranchería,Candelaria
24344,Agua Azul,Ejido,Candelaria
24345,Miguel de la Madrid (El Pañuelo),Pueblo,Candelaria
24345,Balancancito,Rancho,Candelaria
24345,El Cayuco,Rancho,Candelaria
24345,El Taziztal,Rancho,Candelaria
24345,Emiliano Zapata,Pueblo,Candelaria
24345,La Peregrina,Ranchería,Candelaria
24345,San Román,Rancho,Candelaria
24345,Tres de Mayo Dos,Rancho,Candelaria
24345,La Misteriosa,Ranchería,Candelaria
24345,El Mirador Primero,Ranchería,Candelaria
24345,La Tómbola,Ranchería,Candelaria
24345,Los Pollos,Ranchería,Candelaria
24345,El Paraguas,Ranchería,Candelaria
24345,El Destino,Pueblo,Candelaria
24346,Arroyo del Julubal,Rancho,Candelaria
24346,Arroyo Veinticuatro de Mayo,Ranchería,Candelaria
24346,Balankax,Ranchería,Candelaria
24346,Blancas Mariposas,Rancho,Candelaria
24346,Delicias I,Rancho,Candelaria
24346,La Unión (Dos Arroyos),Ranchería,Candelaria
24346,Nego Eben-Ezer,Rancho,Candelaria
24346,El Desengaño,Ranchería,Candelaria
24346,Alianza Productora,Ranchería,Candelaria
24346,Arroyo de Cuba,Ranchería,Candelaria
24346,Carlos Sansores Pérez (La Paz),Ranchería,Candelaria
24346,Solidaridad,Ranchería,Candelaria
24346,Tres Reyes,Ranchería,Candelaria
24346,San Dimas (Alianza II),Ejido,Candelaria
24346,Adolfo López Mateos,Ejido,Candelaria
24346,Santa Rosa,Ejido,Candelaria
24347,El Tigre Dos,Rancho,Candelaria
24347,El Tulipán (El Imposible),Ranchería,Candelaria
24347,Francisco Villa,Rancho,Candelaria
24347,Rancho Alegre,Rancho,Candelaria
24347,Santo Domingo,Ranchería,Candelaria
24347,San Miguel,Ranchería,Candelaria
24347,Flor de Chiapas,Ejido,Candelaria
24347,Narcizo Mendoza,Ejido,Candelaria
24347,Tenancingo,Ejido,Candelaria
24347,Vicente Guerrero Número 2,Ejido,Candelaria
24347,Nueva Delicias II,Pueblo,Candelaria
24348,Laguna la Perdida,Pueblo,Candelaria
24348,Aguas Malas (Tres Cruces),Rancho,Candelaria
24348,Arroyo San Juan (Las Golondrinas),Pueblo,Candelaria
24348,La Esperancita Dos,Rancho,Candelaria
24348,La Ilusión,Rancho,Candelaria
24348,Laguna San Ramón I,Rancho,Candelaria
24348,Héctor Pérez Morales,Ejido,Candelaria
24348,San Manuel Nuevo Canutillo,Pueblo,Candelaria
24348,La Esmeralda,Ranchería,Candelaria
24348,Ignacio Zaragoza (El Salvaje),Pueblo,Candelaria
24350,Escárcega Centro,Colonia,Escárcega
24350,Emiliano Zapata,Colonia,Escárcega
24350,Fátima,Colonia,Escárcega
24350,Sal Si Puedes II,Colonia,Escárcega
24350,Benito Juárez,Colonia,Escárcega
24350,Sal Si Puedes I,Colonia,Escárcega
24350,Jesús García,Colonia,Escárcega
24350,Concordia,Colonia,Escárcega
24350,10 de Mayo,Colonia,Escárcega
24350,Flores Magón,Colonia,Escárcega
24350,Revolución,Colonia,Escárcega
24350,Morelos,Colonia,Escárcega
24350,Fertimex,Colonia,Escárcega
24350,Esperanza,Colonia,Escárcega
24350,Unidad Esfuerzo y Trabajo II,Colonia,Escárcega
24350,Unidad Esfuerzo y Trabajo I,Colonia,Escárcega
24350,I. Zaragoza,Colonia,Escárcega
24350,C. Salinas de Gortari,Colonia,Escárcega
24350,Vicente Fox,Fraccionamiento,Escárcega
24350,La Jeringa,Colonia,Escárcega
24353,Miguel Hidalgo (Caracol),Ejido,Escárcega
24353,California,Ejido,Escárcega
24353,Colonia San Francisco (El Cinco),Ejido,Escárcega
24353,El Arbolito,Ejido,Escárcega
24353,El Caracol,Ejido,Escárcega
24353,Matamoros,Ranchería,Escárcega
24354,Don Samuel,Ejido,Escárcega
24354,División del Norte,Pueblo,Escárcega
24354,Haro,Ejido,Escárcega
24355,El Calabozo,Ejido,Escárcega
24356,El Gallo Samuel (El Gallito),Ejido,Escárcega
24357,Ignacio Magdaleno,Ejido,Escárcega
24357,La Misteriosa,Ejido,Escárcega
24357,Luna,Ejido,Escárcega
24357,Francisco I. Madero,Ejido,Escárcega
24357,Benito Juárez (La Polla),Ejido,Escárcega
24357,La Flor,Ejido,Escárcega
24358,El Corriental,Ejido,Escárcega
24358,El Gallo,Ejido,Escárcega
24358,El Pozo,Ejido,Escárcega
24358,El Retiro,Ejido,Escárcega
24358,Santa Cruz,Ejido,Escárcega
24358,Santa Isabel,Ejido,Escárcega
24358,Guadalajara,Ranchería,Escárcega
24358,El Huiro,Ejido,Escárcega
24364,San José,Ejido,Escárcega
24364,La Esperanza,Ejido,Escárcega
24364,Kilómetro Setenta y Cuatro,Ranchería,Escárcega
24364,Juan Escutia,Ranchería,Escárcega
24364,Juan de la Barrera,Ejido,Escárcega
24365,La Constancia,Ejido,Escárcega
24365,San Carlos,Ejido,Escárcega
24365,San Pedro,Ejido,Escárcega
24365,La Victoria,Ejido,Escárcega
24366,El Zacatecano,Ejido,Escárcega
24366,María de la Luz,Ejido,Escárcega
24366,San Luis,Ejido,Escárcega
24367,El Diamante,Ejido,Escárcega
24367,El Rosario (Puerto Escondido),Ejido,Escárcega
24367,La Fe,Ejido,Escárcega
24367,San José,Ejido,Escárcega
24367,Santa Martha (El Naranjito),Ejido,Escárcega
24367,Nuevo Progreso Dos,Ranchería,Escárcega
24368,Herradero,Ranchería,Escárcega
24368,San Alejandro,Ejido,Escárcega
24368,José de la Cruz Blanco,Ranchería,Escárcega
24368,Kilómetro Treinta y Seis,Ejido,Escárcega
24368,La Asunción,Ejido,Escárcega
24369,Chambalita,Ejido,Escárcega
24369,El Hular,Ejido,Escárcega
24369,El Tornillo,Ejido,Escárcega
24369,Miguel Hidalgo y Costilla,Ejido,Escárcega
24369,La Chiquita,Ranchería,Escárcega
24370,Altamira de Zináparo,Ejido,Escárcega
24370,Silvituc,Pueblo,Escárcega
24370,Centenario,Pueblo,Escárcega
24370,Flor de Chiapas,Ejido,Escárcega
24370,Laguna Grande,Ejido,Escárcega
24370,José López Portillo,Ejido,Escárcega
24370,Benito Juárez Número 3,Ejido,Escárcega
24372,Emiliano Zapata,Ejido,Escárcega
24373,Las Maravillas,Ranchería,Escárcega
24373,Chan Laguna,Ranchería,Escárcega
24373,El Jobal,Ejido,Escárcega
24374,La Libertad,Ranchería,Escárcega
24374,Justicia Social,Ejido,Escárcega
24374,Adolfo López Mateos,Ejido,Escárcega
24374,El Lechugal,Ejido,Escárcega
24374,Nuevo Campeche (Tres Aguadas),Ejido,Escárcega
24375,Belén,Ranchería,Escárcega
24375,General Rodolfo Fierros,Ejido,Escárcega
24375,Miguel de la Madrid,Ejido,Escárcega
24376,Alto Río Caribe,Ejido,Escárcega
24377,El Conejo,Ejido,Escárcega
24400,Tierra y Libertad,Colonia,Champotón
24400,Lindavista,Colonia,Champotón
24400,Champotón Centro,Colonia,Champotón
24400,Cristóbal Colon,Colonia,Champotón
24400,Pozo del Chenpek,Colonia,Champotón
24400,La Cruz,Colonia,Champotón
24400,Las Brisas,Colonia,Champotón
24400,INFONAVIT Miraflores,Fraccionamiento,Champotón
24400,Moch-Cohuo,Unidad habitacional,Champotón
24400,Nueva Esperanza,Colonia,Champotón
24400,Nueva Esperanza INFONAVIT,Unidad habitacional,Champotón
24400,Plan-chac,Unidad habitacional,Champotón
24400,Pozo del Monte,Colonia,Champotón
24400,San Patricio,Colonia,Champotón
24400,Tajonal,Colonia,Champotón
24400,Venustiano Carranza,Colonia,Champotón
24400,Arenal,Colonia,Champotón
24400,Arrocera,Colonia,Champotón
24400,Aserradero,Colonia,Champotón
24400,Avenida,Colonia,Champotón
24400,Cañaveral,Colonia,Champotón
24400,Cardenal,Colonia,Champotón
24400,Carolinas,Colonia,Champotón
24400,Centenario,Colonia,Champotón
24400,Cocal,Colonia,Champotón
24400,Concepción Duran,Colonia,Champotón
24400,Cuauhtémoc,Colonia,Champotón
24400,Flamboyan,Colonia,Champotón
24400,Guadalupe,Colonia,Champotón
24400,Guadalupe Victoria,Colonia,Champotón
24400,INFONAVIT,Colonia,Champotón
24400,ISSSTE,Colonia,Champotón
24400,La Playa,Colonia,Champotón
24400,La Santa,Colonia,Champotón
24400,Las Mercedes,Colonia,Champotón
24400,Las Palomas,Colonia,Champotón
24400,Laureles,Colonia,Champotón
24400,Lázaro Cárdenas,Colonia,Champotón
24400,Malecón,Colonia,Champotón
24400,Manguitos,Colonia,Champotón
24400,Nueva Jerusalén,Colonia,Champotón
24400,Paraíso,Colonia,Champotón
24400,Pedregal,Colonia,Champotón
24400,Puente Viejo,Colonia,Champotón
24400,Ulises Sansores,Colonia,Champotón
24400,Huanal,Colonia,Champotón
24400,Camaroncito,Colonia,Champotón
24400,Microondas,Colonia,Champotón
24400,Mirador,Colonia,Champotón
24400,ISSFAM,Unidad habitacional,Champotón
24402,Ulumal,Pueblo,Champotón
24402,Moquel,Ejido,Champotón
24402,El Zapote,Ejido,Champotón
24402,Canasayab,Pueblo,Champotón
24402,San Antonio del Río,Ejido,Champotón
24404,San José Carpizo Uno (San Fernando),Ranchería,Champotón
24404,San José Carpizo Dos,Ranchería,Champotón
24410,Ley Federal de Reforma Agraria,Ejido,Champotón
24410,San Luis Carpizo,Ranchería,Champotón
24410,San Pablo,Ejido,Champotón
24410,Vicente Guerrero,Ejido,Champotón
24410,Punta Xen,Ejido,Champotón
24410,Villamar,Ejido,Champotón
24410,La Fraternidad,Ejido,Champotón
24410,San Felipe,Ejido,Champotón
24410,San Marcos,Ejido,Champotón
24410,El Caporal,Rancho,Champotón
24410,La Estrella,Ejido,Champotón
24411,Maya Tecún II,Pueblo,Champotón
24411,López Mateos (La Desconfianza),Ejido,Champotón
24411,Pustunich,Ranchería,Champotón
24411,San Antonio Yacasay,Ranchería,Champotón
24411,Maya Tecún I,Ranchería,Champotón
24411,Nueva Esperanza Número 2 (Santo Domingo),Ejido,Champotón
24413,San Pablo Pixtún,Pueblo,Champotón
24413,Valle Hermoso,Ejido,Champotón
24414,Pixoyal,Ejido,Champotón
24414,Dzacabuchén,Pueblo,Champotón
24414,José María Morelos y Pavón (El Pocito),Rancho,Champotón
24414,José María Morelos y Pavón,Ejido,Champotón
24414,Revolución,Ejido,Champotón
24414,Aquiles Serdán (Chuiná),Ejido,Champotón
24414,General Ortiz Ávila,Ejido,Champotón
24414,Lázaro Cárdenas,Ejido,Champotón
24414,Nueva Esperanza Uno (San Miguel Tobías),Ejido,Champotón
24414,Monte Bravo,Ejido,Champotón
24415,Carrillo Puerto,Pueblo,Champotón
24416,Xbacab,Ejido,Champotón
24418,Cinco de Febrero,Pueblo,Champotón
24418,Miguel Colorado,Ranchería,Champotón
24419,Profesor Graciano Sánchez,Ejido,Champotón
24420,Arellano,Ejido,Champotón
24420,Santa Cruz de Rovira,Ranchería,Champotón
24421,Villa de Guadalupe,Ejido,Champotón
24421,San Juan Carpizo,Hacienda,Champotón
24421,San Miguel,Ejido,Champotón
24421,Cañaveral,Ejido,Champotón
24423,Nuevo Michoacán,Ejido,Champotón
24424,Nayarit Castellot,Ranchería,Champotón
24424,Coronel Ortiz Ávila,Ejido,Champotón
24424,López Portillo 2 (Nilun),Ejido,Champotón
24424,Valle de Quetzalcóatl,Ejido,Champotón
24440,Hool,Pueblo,Champotón
24440,Santo Domingo Kesté,Ejido,Champotón
24441,Carlos Salinas de Gortari,Ejido,Champotón
24441,Buenaventura,Ejido,Champotón
24441,Dzitbalché Castellot,Ejido,Champotón
24443,Chac Chaito,Ranchería,Champotón
24443,Yohaltún,Ranchería,Champotón
24443,Ah Kim Pech,Ejido,Champotón
24443,Chilam Balam,Ejido,Champotón
24443,Ignacio López Rayón,Ejido,Champotón
24443,Kukulkán,Colonia,Champotón
24443,Miguel Allende,Ejido,Champotón
24443,Moch Cohuó,Ejido,Champotón
24443,La Providencia,Ejido,Champotón
24443,Nuevo Paraíso [Módulo],Colonia,Champotón
24450,Sihochac,Pueblo,Champotón
24451,El Porvenir,Ranchería,Champotón
24451,La Joya,Ranchería,Champotón
24451,La Noria,Pueblo,Champotón
24459,Ciudad del Sol,Pueblo,Champotón
24460,Seybaplaya Centro,Colonia,Seybaplaya
24460,Fátima,Colonia,Seybaplaya
24460,Carmelita,Colonia,Seybaplaya
24460,San Isidro,Colonia,Seybaplaya
24460,Hornos,Colonia,Seybaplaya
24460,Tizimín,Colonia,Seybaplaya
24460,Santa Cruz,Colonia,Seybaplaya
24460,Santa Clara,Colonia,Seybaplaya
24460,Guadalupe,Colonia,Seybaplaya
24460,La Jimba,Colonia,Seybaplaya
24460,Cristo Rey,Colonia,Seybaplaya
24460,16 de Septiembre,Colonia,Seybaplaya
24460,Frutales,Colonia,Seybaplaya
24460,San Rafael,Colonia,Seybaplaya
24460,Siho Playa (Hotel),Paraje,Seybaplaya
24460,Costa Blanca,Ranchería,Seybaplaya
24460,El Sombrerón,Colonia,Seybaplaya
24462,Nuevo Amanecer,Colonia,Seybaplaya
24462,Villa Madero,Colonia,Seybaplaya
24462,Haltunchén,Colonia,Seybaplaya
24464,Xkeulil,Pueblo,Seybaplaya
24500,Lerma Centro,Colonia,Campeche
24500,Lázaro Cárdenas,Colonia,Campeche
24500,Chiapaneca,Colonia,Campeche
24500,Tepeyac,Colonia,Campeche
24500,Las Brisas,Colonia,Campeche
24500,San Antonio,Colonia,Campeche
24500,Tres Cruces,Colonia,Campeche
24500,Marañon,Colonia,Campeche
24500,Becan,Colonia,Campeche
24500,Playa Bonita,Zona comercial,Campeche
24500,Pesquera,Unidad habitacional,Campeche
24500,Satélite,Colonia,Campeche
24500,Huayita,Colonia,Campeche
24500,Lerma,Zona industrial,Campeche
24500,Kila,Colonia,Campeche
24500,Espíritu Santo,Colonia,Campeche
24500,La Guadalupana,Colonia,Campeche
24500,Secretaria de Marina,Unidad habitacional,Campeche
24500,San Bartolo,Colonia,Campeche
24505,San Lorenzo,Ejido,Campeche
24517,Castamay,Ejido,Campeche
24520,Campestre Los Almendros,Fraccionamiento,Campeche
24520,China,Ejido,Campeche
24520,Hobomo,Ejido,Campeche
24520,Mucuychakan,Ejido,Campeche
24520,Uayamón,Ejido,Campeche
24522,San Agustin Ola,Ejido,Campeche
24523,Chulbac,Ejido,Campeche
24532,Pocyaxum,Ejido,Campeche
24536,Sierra Verde de Cayal,Ranchería,Campeche
24536,Uzahzil-Edzná (Nohyaxché),Ejido,Campeche
24537,Nohakal,Ejido,Campeche
24540,Pueblo Nuevo,Ejido,Campeche
24540,Cayal,Ejido,Campeche
24540,San Antonio Cayal,Equipamiento,Campeche
24550,Chencollí (Citro-Kampeche),Ejido,Campeche
24550,Tikinmul,Ejido,Campeche
24550,San Antonio Bobolá,Ejido,Campeche
24550,Miguel Alemán (X- Campeu),Ejido,Campeche
24552,Nilchi,Ejido,Campeche
24553,San Camilo (Chencollí),Ejido,Campeche
24557,Crucero OXA,Ejido,Campeche
24560,Río Verde,Ejido,Campeche
24560,Hampolol,Ejido,Campeche
24560,Imi,Ejido,Campeche
24560,San Francisco Koben,Ejido,Campeche
24561,CERESO San Francisco Kobén,Equipamiento,Campeche
24562,Bethania,Ejido,Campeche
24564,Chemblas,Ejido,Campeche
24570,San Isidro,Colonia,Campeche
24570,Kikab,Ejido,Campeche
24570,Lubná,Ejido,Campeche
24570,Alfredo V. Bonfil,Pueblo,Campeche
24570,Melchor Ocampo,Pueblo,Campeche
24570,Tixmucuy,Ejido,Campeche
24570,Bolonchén Cahuich,Ejido,Campeche
24570,Nuevo Pénjamo,Ejido,Campeche
24570,Nueva Esperanza,Ejido,Campeche
24572,Pich,Ejido,Campeche
24572,San Luciano,Ejido,Campeche
24573,San Miguel Allende,Ejido,Campeche
24573,Carlos Cano Cruz (Los Tlaxcaltecas),Ejido,Campeche
24573,Los Laureles,Ejido,Campeche
24574,Quetzal Edzná,Ejido,Campeche
24574,La Libertad,Ejido,Campeche
24575,Adolfo Ruiz Cortinez,Ejido,Campeche
24600,Hopelchen Centro,Colonia,Hopelchén
24600,El Tamarindo,Colonia,Hopelchén
24600,Santa Cruz,Colonia,Hopelchén
24600,Campo de Aviación,Colonia,Hopelchén
24600,Magisterial,Colonia,Hopelchén
24600,Norte,Colonia,Hopelchén
24600,San Román,Colonia,Hopelchén
24600,San Isidro,Colonia,Hopelchén
24600,San Luis,Colonia,Hopelchén
24600,San Martín,Colonia,Hopelchén
24600,Dolores Lanz,Colonia,Hopelchén
24604,El Poste,Ranchería,Hopelchén
24604,San Juan Bautista Sahcabchén,Pueblo,Hopelchén
24604,Ich-Ek,Ejido,Hopelchén
24604,Crucero San Luis,Pueblo,Hopelchén
24604,San Francisco Suc-Tuc,Pueblo,Hopelchén
24604,Santa Fe,Ejido,Hopelchén
24605,Xcupil,Ranchería,Hopelchén
24606,Becanchén,Pueblo,Hopelchén
24607,Komchén,Ranchería,Hopelchén
24609,Pakchén,Ranchería,Hopelchén
24610,Chencoh,Ranchería,Hopelchén
24611,Dzibalchén,Pueblo,Hopelchén
24612,Cancabchén,Ranchería,Hopelchén
24612,Francisco J. Mújica (Los Ucán),Ranchería,Hopelchén
24612,San Isidro,Ejido,Hopelchén
24613,Chunchintok,Pueblo,Hopelchén
24615,Ukum,Pueblo,Hopelchén
24615,Xmejía,Ejido,Hopelchén
24620,Xcalot Akal,Ranchería,Hopelchén
24620,San Bernardo Huechil,Ranchería,Hopelchén
24620,Bolonchen de Rejón,Pueblo,Hopelchén
24620,Xcanahaltún Huechil Unidos,Ejido,Hopelchén
24620,Katab,Ejido,Hopelchén
24622,Chunyaxnic,Ranchería,Hopelchén
24622,San Antonio Yaxché,Ranchería,Hopelchén
24622,Chuncedro,Ranchería,Hopelchén
24622,Xculoc,Ranchería,Hopelchén
24623,Yaxché Akal,Ranchería,Hopelchén
24623,Rancho Sosa,Ejido,Hopelchén
24624,Campo Menonita,Ejido,Hopelchén
24640,Bellavista,Colonia,Calakmul
24640,10 de Mayo,Colonia,Calakmul
24640,Xpujil,Pueblo,Calakmul
24640,Bugambilias,Colonia,Calakmul
24640,Jardines,Colonia,Calakmul
24640,Aviación,Colonia,Calakmul
24640,Fundadores,Colonia,Calakmul
24643,Becan,Ranchería,Calakmul
24643,Chicana,Ranchería,Calakmul
24643,El Chichonal,Ejido,Calakmul
24643,Heriberto Jara Corona,Ejido,Calakmul
24643,Plan de San Luis,Ejido,Calakmul
24643,Valentín Gómez Farias,Ejido,Calakmul
24644,Nuevo Becal,Ejido,Calakmul
24644,Zoh-laguna (alvaro Obregón),Pueblo,Calakmul
24644,Bel-ha,Ranchería,Calakmul
24644,Dos Lagunas,Ejido,Calakmul
24644,El Refugio,Ejido,Calakmul
24644,Nueva Vida,Ejido,Calakmul
24644,Ricardo Flores Magón,Ejido,Calakmul
24644,Tepeyac,Ranchería,Calakmul
24644,Unión 20 de Junio,Ranchería,Calakmul
24645,20 de Noviembre,Ejido,Calakmul
24645,Cristóbal Colon,Ranchería,Calakmul
24645,Gral. Manuel Castilla Brito Km. 17,Ranchería,Calakmul
24645,ing. Ricardo Payro Jene (polo Norte),Ranchería,Calakmul
24645,Los Ángeles,Ranchería,Calakmul
24645,Caña Brava,Ejido,Calakmul
24645,Eugenio Echeverría Castellot (El Carrizal),Ejido,Calakmul
24645,El Carmen II,Ejido,Calakmul
24645,El Manantial,Ejido,Calakmul
24645,El Porvenir,Ejido,Calakmul
24645,Felipe Ángeles,Ranchería,Calakmul
24645,Gustavo Díaz Ordaz (San Antonio Soda),Ejido,Calakmul
24645,Hermenegildo Galeana,Ranchería,Calakmul
24645,San José,Ejido,Calakmul
24645,La Lucha,Ranchería,Calakmul
24645,Lucha,Ejido,Calakmul
24645,La Victoria,Ejido,Calakmul
24645,La Virgencita de La Candelaria,Ejido,Calakmul
24645,Niños Héroes,Ranchería,Calakmul
24645,Nuevo Campanario,Ejido,Calakmul
24645,Nuevo Progreso 3,Ranchería,Calakmul
24645,Tomas Aznar Barbachano,Ejido,Calakmul
24645,Unidad y Trabajo,Ejido,Calakmul
24645,21 de Mayo (Lechugal),Ejido,Calakmul
24645,Narciso Mendoza,Ejido,Calakmul
24646,Lázaro Cárdenas 2 (ojo de Agua),Ranchería,Calakmul
24646,Los Alacranes,Ranchería,Calakmul
24646,16 de Septiembre,Ejido,Calakmul
24646,Bella Unión de Veracruz,Ejido,Calakmul
24646,Blasillo,Ranchería,Calakmul
24646,Carlos A Madrazo,Ejido,Calakmul
24646,Cerro de las Flores (Sta. Rosa),Ejido,Calakmul
24646,El Tesoro,Ejido,Calakmul
24646,Josefa Ortíz de Domínguez (Icaiché),Ejido,Calakmul
24646,Los Tambores de Emiliano Zapata,Ranchería,Calakmul
24646,Manuel Cresencio Rejón,Ejido,Calakmul
24646,Nuevo San José,Ranchería,Calakmul
24646,Nuevo Veracruz,Ranchería,Calakmul
24646,Pioneros del Río Xnohá,Ejido,Calakmul
24646,Quiche las Pailas,Ejido,Calakmul
24646,Plan de Ayala (5 de Mayo),Ejido,Calakmul
24647,11 de Mayo,Ejido,Calakmul
24647,Arroyo Negro,Ejido,Calakmul
24647,Dos Naciones,Ejido,Calakmul
24647,José Ma. Morelos y Pavón,Ejido,Calakmul
24647,Justo Sierra Méndez,Ejido,Calakmul
24647,San Miguel,Ejido,Calakmul
24647,Santo Domingo,Ranchería,Calakmul
24647,Dos Lagunas,Ranchería,Calakmul
24647,Ley de Fomento Agropecuario (La Misteriosa),Ejido,Calakmul
24648,Centauro del Norte,Ejido,Calakmul
24648,La Guadalupe,Ejido,Calakmul
24653,Nuevo Conhuas,Ejido,Calakmul
24653,Balanku,Ranchería,Calakmul
24654,Felipe Ángeles II,Ejido,Calakmul
24654,Ingeniero Eugenio Echeverría Castellot,Ejido,Calakmul
24654,Puebla de Morelia,Ejido,Calakmul
24654,Emiliano Zapata,Ejido,Calakmul
24656,Central Chiclera Villahermosa,Ranchería,Calakmul
24658,Xbonil,Ejido,Calakmul
24658,Constitución,Ranchería,Calakmul
24658,Pablo Garcia,Ejido,Calakmul
24658,Santa Lucia,Ejido,Calakmul
24658,Concepción,Ejido,Calakmul
24660,Vicente Guerrero,Pueblo,Hopelchén
24663,Ramón Corona,Ejido,Hopelchén
24667,X-Canhá,Ejido,Hopelchén
24667,Nuevo Chan Yaxché,Ejido,Hopelchén
24668,Chun-Ek,Ranchería,Hopelchén
24668,Pachuitz,Ejido,Hopelchén
24668,Chan-Chen,Ejido,Hopelchén
24670,Xmabén,Ranchería,Hopelchén
24700,Tenabo Centro,Colonia,Tenabo
24703,Jacinto Canek,Barrio,Tenabo
24704,San Pedro,Barrio,Tenabo
24705,Procesadora,Barrio,Tenabo
24706,Lazareto,Barrio,Tenabo
24706,Esperanza,Barrio,Tenabo
24706,Ana María Farias,Barrio,Tenabo
24707,Guadalupe,Barrio,Tenabo
24720,Kankí,Pueblo,Tenabo
24723,Chilib,Ejido,Tenabo
24730,Tinún,Pueblo,Tenabo
24732,Santa Rita Corralché,Ejido,Tenabo
24732,Emiliano Zapata,Ejido,Tenabo
24732,San Pedro Corralché,Ejido,Tenabo
24733,Nachehá,Ejido,Tenabo
24734,Xkuncheil,Ejido,Tenabo
24740,Santa Rosa,Ejido,Tenabo
24746,Orizaba,Ejido,Tenabo
24800,Centro Hecelchakán,Colonia,Hecelchakán
24800,La Conquista,Barrio,Hecelchakán
24800,San Antonio,Barrio,Hecelchakán
24800,San Francisco,Colonia,Hecelchakán
24800,San Juan,Barrio,Hecelchakán
24800,Abraham Azar,Fraccionamiento,Hecelchakán
24800,Las Gardenias,Fraccionamiento,Hecelchakán
24810,Centro Pomuch,Colonia,Hecelchakán
24810,Benito Juárez,Colonia,Hecelchakán
24810,Colonia Nueva,Colonia,Hecelchakán
24810,La Soledad,Colonia,Hecelchakán
24810,San Diego,Colonia,Hecelchakán
24810,San Jerónimo,Colonia,Hecelchakán
24810,San Pedro,Colonia,Hecelchakán
24810,Santa Cristina,Colonia,Hecelchakán
24810,Villa Lucrecia,Colonia,Hecelchakán
24813,Zodzil,Pueblo,Hecelchakán
24820,Cumpich,Pueblo,Hecelchakán
24826,Dzotchén,Pueblo,Hecelchakán
24828,Chicmuc,Rancho,Hecelchakán
24828,Nohalal,Pueblo,Hecelchakán
24830,Pocboc,Pueblo,Hecelchakán
24830,Blanca Flor Hacienda,Ejido,Hecelchakán
24831,Chunkanán,Pueblo,Hecelchakán
24836,Blanca Flor,Pueblo,Hecelchakán
24837,Santa Cruz,Pueblo,Hecelchakán
24837,San Felipe Tikín,Ejido,Hecelchakán
24839,Dzitnup,Pueblo,Hecelchakán
24860,Campo Menonita Yalnón,Ejido,Hecelchakán
24863,Monte Bello,Ejido,Hecelchakán
24863,Campo Menonita Chaví Número Uno,Ejido,Hecelchakán
24900,Calkini Centro,Colonia,Calkiní
24902,Fátima,Colonia,Calkiní
24902,FOVISSSTE,Unidad habitacional,Calkiní
24902,San Isidro,Barrio,Calkiní
24902,San Juan,Barrio,Calkiní
24903,La Concepción,Barrio,Calkiní
24903,San Miguel Kukab,Barrio,Calkiní
24903,Guadalupe,Barrio,Calkiní
24903,San Luisito,Barrio,Calkiní
24903,San Martín,Barrio,Calkiní
24904,San Luis Obispo,Barrio,Calkiní
24904,Las Flores,Fraccionamiento,Calkiní
24904,Kilakan,Barrio,Calkiní
24905,Tepakan,Pueblo,Calkiní
24910,El Gato Negro,Colonia,Calkiní
24910,San Román,Colonia,Calkiní
24910,Nunkini,Pueblo,Calkiní
24913,Santa Cruz Pueblo,Pueblo,Calkiní
24913,San Antonio Sahcabchén,Ranchería,Calkiní
24914,Tankuche,Congregación,Calkiní
24914,San Agustín Chunhuás,Ranchería,Calkiní
24914,Concepción,Pueblo,Calkiní
24914,Xkakoch,Ejido,Calkiní
24915,Pucnachen,Pueblo,Calkiní
24915,Santa María,Hacienda,Calkiní
24916,Santa Cruz,Exhacienda,Calkiní
24917,San Nicolás,Pueblo,Calkiní
24919,Isla Arena,Colonia,Calkiní
24920,Dzitbalché,Pueblo,Dzitbalché
24920,San Feliciano,Colonia,Dzitbalché
24920,Solidaridad,Colonia,Dzitbalché
24925,Bacabchén,Pueblo,Dzitbalché
24929,Chacnichén (El Pozo),Ejido,Dzitbalché
24930,Bécal Centro,Colonia,Calkiní
24933,Los Tres Reyes,Barrio,Calkiní
24933,Fátima,Barrio,Calkiní
24934,Carlos Rivas,Barrio,Calkiní
24935,Pablo Garcia,Barrio,Calkiní
24935,Limón,Barrio,Calkiní
24935,Santa Cruz,Barrio,Calkiní
24935,El Pocito,Barrio,Calkiní
24936,San Diego,Barrio,Calkiní
24936,Estación,Barrio,Calkiní
24940,San Roque Xnolán,Ejido,Calkiní
